HCPCS_Code,Code,generic,range,WAC per Unit
J9201,J,1,10,148.19
J1815,J,1,10,5.506194117769231
J1817,J,1,10,15.1350000025
J9305,J,1,10,71.07235636363636
J2358,J,0,10,2.808
J1610,J,1,10,607.7777777777778
J3110,J,1,10,63.30716667
S5550,S,0,9,2.1156141479099677
J3301,J,1,10,5.177234513274336
J0485,J,0,10,3.777608495575221
J0129,J,0,10,235.70171125000002
J9228,J,0,10,147.71698584070796
J1740,J,1,10,173.68035397610618
J0696,J,1,10,15.7175
J1570,J,1,10,118.96
J0743,J,1,10,18.330295652173913
J0637,J,1,10,33.7
J1335,J,1,10,69.4
J1453,J,1,10,2.230866667
J1652,J,1,10,13.087222222222222
J9351,J,1,10,29.4964756097561
J8705,J,0,10,102.76124
J9261,J,1,10,150.02286075949368
J9330,J,1,10,70.04421592920355
J3243,J,1,10,8.138
J1720,J,0,10,13.910985714285715
J2920,J,1,10,6.144946666666667
J2930,J,1,10,11.67981946902655
J1000,J,0,10,22.119539823008846
J1020,J,1,10,6.148669026548673
J1030,J,1,10,10.339857252747253
J1040,J,1,10,18.021485714285713
J2010,J,1,10,16.826
J1050,J,1,10,0.506057692
J1742,J,1,10,468.1236263736264
J2020,J,1,10,61.68592920353983
J7504,J,1,10,2259.901
J9206,J,1,10,59.48263157894737
J9211,J,1,10,94.9095575221239
J1190,J,1,10,296.195
J9207,J,0,10,100.32008333397727
J9050,J,1,10,3734.24
J0585,J,0,10,6.6426548672566375
J7312,J,0,10,191.23767379999998
J9217,J,1,10,3183.1096668
J9263,J,1,10,13.27685
J2916,J,1,10,6.525723893805311
J2783,J,0,10,290.7339724646018
J9043,J,0,10,185.13691150353984
J9400,J,0,10,16.0
J2820,J,1,10,60.37738823529412
J2562,J,1,10,343.5099741929203
J7192,J,1,10,1.6751327433628318
J0698,J,1,10,5.03
J1410,J,0,10,298.50867256637173
J0295,J,1,10,7.835142857142857
J0348,J,0,10,1.836566371681416
J3465,J,1,10,7.195128318584071
J3486,J,1,10,35.94117647058823
J7307,J,1,10,1077.265
J7303,J,0,7,147.85349056603772
J9031,J,0,5,
J7193,J,1,10,1.6192
J0256,J,1,10,12.857971014492753
J7190,J,1,10,1.44
J3300,J,0,10,4.283234513274336
J1644,J,1,10,11.8383
J3060,J,0,10,39.835305309734515
J9100,J,1,10,26.519142857142857
J2405,J,1,10,6.007027173913043
J9000,J,1,10,154.734
J0456,J,1,10,10.2
J2501,J,1,10,10.8329203539823
J1950,J,0,10,2843.958170940708
J0135,J,0,10,6922.62
J1650,J,1,10,11.088627838934066
J2597,J,1,10,19.87555412371134
J7516,J,1,10,61.53944444444445
J0630,J,1,10,3132.1
J2354,J,1,10,6.9424
J7515,J,1,10,14.569252032520325
J0480,J,0,10,5606.945486725664
J2353,J,0,10,328.6474920634921
J0895,J,1,10,34.1588
J7518,J,1,10,5.790015899381579
J3489,J,1,10,231.20374999999999
J7527,J,1,10,69.72170634920634
J7682,J,1,10,400.0
J0638,J,0,10,111.26969957594936
J9214,J,1,10,36.534942307692305
J0702,J,1,10,16.30971681415929
J9328,J,0,10,9.239024778761062
J2280,J,1,10,12.764375
S0148,S,0,9,91.56128820754716
J1260,J,0,2,18.335859645789473
J7614,J,1,10,16.41465151625
J1450,J,1,10,18.32007079646018
J1956,J,1,10,99.13432835820896
J2675,J,1,10,3.1289999999999996
J0515,J,1,10,70.50312500000001
J1626,J,1,10,8.66
J3105,J,1,10,18.23428571428571
J1800,J,1,10,9.740973451327434
J0694,J,1,10,11.378608038336283
J0690,J,1,10,6.431159292035399
J0697,J,1,10,9.999999997829267
J7189,J,0,10,2.2486607142857142
J2780,J,1,6,30.814999999999998
J9302,J,0,10,59.29620512820513
J2795,J,1,10,4.325
J7626,J,1,10,10.258
J3396,J,0,10,11.129343953893807
J2543,J,1,10,8.563862198
J0588,J,0,10,4.982035398230089
J7060,J,1,10,331.18804469273744
J0713,J,1,10,11.171875
J7030,J,1,10,445.70444444444445
J7040,J,1,10,396.7870781893005
J7070,J,1,10,504.81745098039215
J7042,J,1,10,5.25
J7120,J,1,10,565.3107964601769
J7050,J,1,10,130.99700704225353
J2810,J,1,10,1.588
Q9958,Q,1,10,0.30829579439252336
J2805,J,1,10,124.13
A9576,A,0,10,5.5272
A9577,A,0,10,5.9292
A9578,A,0,10,5.5272
J2185,J,1,10,6.90269375
J9395,J,1,10,436.2875
J9202,J,1,10,728.315
J0692,J,1,10,26.957171391783504
J9209,J,1,10,13.124601769911504
J3370,J,1,10,14.887230769230769
J9208,J,1,10,72.73823008849557
J8560,J,0,10,73.36033628318583
J7613,J,1,10,2.853333333
Q9965,Q,0,10,4.0045
Q9956,Q,1,10,46.8
J9171,J,1,10,32.0
J9268,J,1,10,2256.4749557522123
J2175,J,1,10,36.1349090909091
J1790,J,1,10,7.573336708860759
J1580,J,1,10,109.81347984395605
J2310,J,1,10,200.0
J3360,J,1,10,12.945946902654867
J3010,J,1,10,5.2
J1170,J,1,10,48.88235294117647
J1165,J,1,10,7.674574867256637
J2300,J,1,10,3.6804615384615382
J2060,J,1,10,10.0
J0595,J,1,10,4.363752212389381
J0461,J,1,10,0.5730542857142857
J3475,J,1,10,189.366145825
J1953,J,1,10,1.1133569911504424
J2270,J,1,10,140.0
J2690,J,1,10,375.0232653061224
J0151,J,1,0,2.177777778
J3070,J,0,5,113.51065573770491
J0592,J,1,10,5.056666667
J1250,J,1,10,19.863772891978023
J1885,J,1,10,7.941076923076924
J1200,J,1,10,4.008
J2250,J,1,10,1.1695
J2765,J,1,10,3.3524
J3260,J,1,10,19.77888849557522
J2150,J,1,10,7.679085714285714
J0744,J,1,10,45.35398230088496
J1265,J,1,10,2.186421052631579
J0280,J,1,10,11.801440707964602
J1364,J,1,10,200.0
J0171,J,1,10,303.784
J0670,J,1,10,4.031548672566371
J3430,J,1,10,24.73
J1940,J,1,10,11.6728
J0712,J,1,10,7.036824074074074
J0153,J,1,10,32.0
J7525,J,0,10,202.913203539823
J0289,J,1,10,50.95
J2248,J,1,10,1.87
J2785,J,1,10,60.269823008849556
J0150,J,1,0,46.67
J7644,J,1,10,0.62
J3420,J,1,10,59.0
J0636,J,1,9,0.72038623853211
J1750,J,1,10,27.262
J2370,J,1,9,18.75
J1439,J,0,10,1.7875375
J2210,J,1,10,29.576666666666664
J2430,J,1,10,40.0
J1955,J,1,10,35.67
J1756,J,1,10,0.57637
J0610,J,1,9,7.71869552238806
J1100,J,1,10,1.0304867256637167
J0210,J,0,10,40.0
J0834,J,1,10,106.58
J2790,J,1,10,118.05946902654867
J2788,J,1,10,65.13088495575221
J0132,J,1,10,18.5
J1110,J,1,10,1146.3983956043955
J3130,J,1,0,
J2360,J,1,10,29.362
J2560,J,1,10,62.92592593
J2550,J,1,10,41.30329230769231
J3230,J,1,10,57.78
J1160,J,1,10,618.98
J1245,J,0,10,2.794867256637168
J2800,J,1,10,57.09
J1270,J,1,10,2.8125
J1325,J,1,10,23.34061946902655
J0640,J,1,10,11.274098360655739
J9190,J,1,10,534.0
J9178,J,1,10,4.8
J9040,J,1,10,140.0
J9045,J,1,10,89.97786667119999
J9260,J,1,10,32.636312499999995
J9390,J,1,10,75.24
J9320,J,0,10,349.23
J9293,J,1,10,112.64999999999999
J9185,J,1,10,2412.409090909091
J9150,J,1,10,70.75
J9181,J,1,10,24.47342857142857
J9060,J,1,10,100.0
J1631,J,1,10,85.3485250718584
J1630,J,1,10,20.29488888888889
J0278,J,1,10,2.350801886792453
S0166,S,1,9,12.3825
J0290,J,1,10,16.704
J9218,J,1,10,71.77662337454545
J1566,J,1,10,92.89398230088496
J1569,J,1,10,70.46925663716814
J0257,J,1,10,5.570796460176991
J2724,J,1,10,15.0
Q4102,Q,1,10,110.79898862035398
Q4101,Q,0,9,45.34090909
J0587,J,0,10,11.683695575221238
S1090,S,0,7,
Q9957,Q,0,10,132.27543180909092
J7197,J,0,10,4.177142857142857
J1670,J,0,10,523.3930088495575
J1460,J,0,10,263.54151639344263
J1560,J,0,10,240.83210655737705
90371,9,1,10,176.90000000000003
J1561,J,1,10,73.0821592920354
J1930,J,0,10,98.40544873673078
J0586,J,1,10,10.16666667
J9280,J,1,10,257.40885245901643
A9600,A,1,10,3750.0
J0470,J,0,10,52.7085073740708
J0360,J,1,10,42.46
J3473,J,0,10,0.37200000000000005
J2278,J,0,10,9.654116
J9371,J,1,10,3333.4615744680855
J0770,J,1,10,28.0
J0740,J,1,10,982.6780530973452
J7311,J,0,10,9914.736013190266
J7316,J,0,6,987.6666667000001
J1120,J,1,10,43.00759493670886
J1300,J,0,10,214.6545722477876
J0364,J,1,10,37.91896047247787
Q2043,Q,0,10,53453.11646017699
J3000,J,0,10,56.913716814159294
J0285,J,0,10,40.22035398230089
J1380,J,1,10,119.32
J3250,J,0,10,38.270686725663715
J0598,J,1,10,59.42154285714286
J0131,J,1,10,10.281787378640777
J7665,J,1,10,6.578947368
J2791,J,0,10,10.691999999999998
J1459,J,0,10,72.39132743362832
J1559,J,0,10,21.991
J0850,J,1,10,1756.85
J0476,J,1,10,87.26904109589042
J0475,J,1,10,254.145
J9315,J,1,7,328.45557142857143
Q2050,Q,1,10,7578.0
Q2049,Q,0,1,479.65999999999997
J1205,J,1,10,528.0943362831858
J0894,J,1,10,35.61349484536082
J0207,J,1,10,1071.4082694038461
J1290,J,0,10,475.91717699646017
J9307,J,1,10,498.197
J0490,J,0,10,44.21556047318584
J7606,J,1,10,16.18541887938053
J3485,J,0,10,1.4595
J2357,J,0,10,39.679548717692306
J2997,J,0,10,85.72601238938053
J9310,J,0,4,409.5173274336283
C9257,C,0,10,40.843175
J9035,J,0,10,40.843175
J9301,J,0,10,64.94295132743363
J2778,J,0,10,390.0
J9354,J,0,10,31.507839285714287
J3101,J,0,10,136.90684081632654
J9355,J,0,10,103.8946667
J3262,J,0,10,6.749588701054348
J9306,J,0,10,12.320072693035398
J7510,J,1,10,3.269583333
A9581,A,0,10,16.710176991150444
J7302,J,0,1,
J7301,J,0,10,784.522389380531
J1830,J,1,10,555.881250025
J2794,J,1,10,10.6204
J2426,J,0,10,12.889432446923077
J0717,J,0,10,10.803866592920354
J0840,J,0,10,3008.6017699115046
J1162,J,0,10,3648.929203539823
C9293,C,0,10,314.48946902654865
J9042,J,0,10,161.48035398230087
J7300,J,0,10,923.2611940298508
J3095,J,0,10,8.086744827586207
J3315,J,1,10,816.8102439
J8600,J,0,10,11.177893805309733
J9245,J,1,10,1643.0999999999997
J2792,J,1,10,36.21273333
J1743,J,0,10,516.1411209265486
J3385,J,0,10,349.3205530973451
J9266,J,1,10,22625.384
J1640,J,0,10,25.1229979575
J9120,J,1,10,1874.9417699115045
J9230,J,0,4,264.5510869565218
J2260,J,1,10,128.75
J9340,J,1,10,900.0
J9250,J,1,10,44.915404255319146
J0780,J,1,10,18.5
J9360,J,1,10,4.32124778761062
J2760,J,1,10,466.5446122448979
J9065,J,1,10,57.39057142857143
J9200,J,1,10,3570.261428571429
J2400,J,1,8,127.20327058823531
J0133,J,1,10,0.188
J0881,J,0,10,7.709166666666667
J0882,J,0,10,7.709142857142857
J2505,J,0,7,4503.523805309735
J1442,J,0,10,1.1105802465925925
J2796,J,0,10,87.0102
J0897,J,0,10,20.804035398495575
J9303,J,0,10,126.34797345132743
J0795,J,0,9,8.609887037037037
J0725,J,1,10,31.225000000000005
J7323,J,0,10,338.7570796486726
J9155,J,0,10,6.255434365761062
J2504,J,0,6,324.589968725
J1745,J,0,10,113.37310619469027
J3357,J,0,10,298.0329743307692
J1602,J,0,10,35.18809203539823
J9019,J,1,10,403.084
J2355,J,0,4,434.0597826086956
J7185,J,1,10,1.5915929203539823
J7195,J,1,10,1.9875
J1438,J,0,10,859.4025925925926
J0180,J,0,10,176.14670796460177
J1931,J,0,10,31.139838265929203
J7511,J,0,10,849.4829203539822
J7325,J,0,10,27.017831858495576
J9027,J,1,10,800.0
J0220,J,0,2,195.0
J0221,J,0,10,163.52357522123896
J3240,J,0,10,1704.8178260869565
J1786,J,0,10,41.167398230088494
J0400,J,0,1,0.7045897436999999
J0401,J,0,10,5.547869470383177
J0594,J,1,10,19.273303465929203
Q0138,Q,1,10,1.704196078
Q0139,Q,1,10,1.941331161955752
J9025,J,1,10,5.852399999999999
Q3027,Q,0,10,939.1748765666166
J1267,J,0,4,0.9109190243902439
J0885,J,1,10,19.33
J7324,J,0,10,441.78849557522125
J7327,J,0,10,1350.3886725663717
J1556,J,1,10,68.204375
J2510,J,0,10,34.1550625
J0558,J,0,10,10.916964600504423
J0561,J,0,10,15.773774336477876
J2507,J,1,10,3032.102516233766
J2730,J,0,10,86.7
J2770,J,0,9,417.7067232142857
J9370,J,1,10,15.05
J2793,J,0,10,23.624401916578947
J0178,J,0,10,925.0
J1572,J,0,10,47.40325
J1097,J,1,10,465.0
J1645,J,1,10,27.96
J9179,J,0,10,115.85486725663718
J2469,J,1,10,33.88351648351649
J0800,J,1,9,3846.4274336283183
J9041,J,1,10,45.81972187123894
J0720,J,0,10,38.940088495575225
J3411,J,1,10,5.169263716814159
J9130,J,1,10,15.628750000000002
J3415,J,1,10,15.336548672566371
J2720,J,0,10,2.500814159292035
J2680,J,1,10,30.886690265486724
J1240,J,0,10,9.782389380530972
J2545,J,1,10,159.70681415929204
J9262,J,0,10,3.0238987013272727
J9033,J,1,10,28.650899115044247
J9017,J,1,10,426.61
J1446,J,0,1,1.2700177466296296
J2410,J,0,4,3.126
C9132,C,0,7,2.6184210526315788
J7180,J,0,10,10.441061946902654
J7187,J,0,10,1.3216814159292034
J0597,J,0,10,61.02176991150443
J7178,J,0,10,1.24
90675,9,1,10,415.7278571428572
J7198,J,1,10,2.3730136986301367
J1557,J,0,10,102.21487878787879
J7674,J,0,10,6.33431085
J2323,J,0,10,22.33046253637168
Q9975,Q,0,1,
J7201,J,1,10,3.3629687500000003
J0583,J,1,10,3.915472727272727
J2212,J,0,10,1.0984879385
J2315,J,0,10,3.629311597566372
Q4074,Q,0,10,134.12037037037038
J1741,J,0,10,55.45814102564102
J3285,J,1,10,61.99661946902654
J0735,J,1,10,44.0
J2425,J,0,10,32.06719355
J9055,J,0,10,64.02519469026548
J0775,J,0,10,51.310513273008844
J2850,J,0,10,32.8125
J7308,J,1,10,367.30213333899997
J1212,J,0,10,565.4545132743363
J1230,J,1,10,18.19828761061947
J7183,J,0,10,1.4765517241379311
J1430,J,0,10,424.8950796460177
J0878,J,1,10,0.89098
J9226,J,0,10,35436.35371681416
J9225,J,0,8,3975.156136363636
J1458,J,0,10,388.6637168141593
J0641,J,1,10,2.928171429
A9543,A,1,10,59133.701063829794
J1980,J,1,9,30.56698571428571
J7194,J,0,10,1.4356
J7186,J,0,10,1.3237037037037038
J2503,J,0,6,889.428
J9264,J,1,10,14.4101
J1568,J,1,10,97.13
J9047,J,0,10,44.13547619047619
J8510,J,1,9,137.37
J2515,J,1,10,70.0
J7326,J,0,10,1150.0
J7321,J,1,10,232.7908139534884
J0600,J,1,10,6521.8
J0130,J,1,5,1328.1472727272728
J1071,J,1,9,0.10965267857142857
J7608,J,1,9,25.92142857142857
J3121,J,1,9,2.9168441176470585
J7181,J,0,9,15.426964285714286
J2274,J,1,9,50.275125
J2704,J,1,9,11.25
J7611,J,1,9,0.4829
J9267,J,1,9,21.667545454545454
J7200,J,1,9,1.5758035714285714
J7336,J,1,9,3.0998532039411764
J3471,J,0,9,0.4188501683333334
C9447,C,0,4,466.0
J7605,J,1,9,17.109
J7686,J,0,9,1092.4577286605504
J3145,J,0,9,1.6471696413660715
J1322,J,0,9,236.2125
J7639,J,0,9,45.30525575645455
J7182,J,0,9,1.8394495412844036
J3480,J,1,9,12.769076923076923
A9604,A,0,9,14467.743486238533
J3410,J,0,9,25.673076923076923
J9070,J,1,9,73.25
90375,9,0,9,341.66281690140846
90376,9,0,9,385.34641509433965
90715,9,1,9,55.74518518518518
90632,9,1,9,73.21034146341464
Q9978,Q,0,0,537.192
S0157,S,0,9,38.057574808750005
Q5101,Q,0,9,0.918866667
Q9979,Q,0,0,
J9308,J,0,8,59.99218
J9299,J,0,8,29.902273812142855
J7517,J,1,8,26.102999999999998
J8520,J,1,8,13.4801866696
J8521,J,1,8,44.92770667
J8501,J,1,8,13.859958333333335
J9271,J,0,8,51.723461538461535
J7520,J,1,8,31.530484
J7509,J,1,8,3.100732
J2540,J,1,8,132.0753293098
Q0167,Q,1,8,18.01833333
Q0162,Q,1,8,922.26
Q0166,Q,1,5,425.0
J8530,J,1,8,7.484
J7500,J,1,8,11.70602033161
J8610,J,1,8,18.243214284285713
J7340,J,0,8,205.41591428499999
J7502,J,1,8,15.760727272727273
J8700,J,1,8,38.84997583
Q0180,Q,0,0,144.108
J7620,J,1,8,2.246666667
Q0164,Q,1,8,0.41694400000000004
J2700,J,1,8,94.29445
J0714,J,0,8,85.9939975
J1833,J,0,8,0.9953473945384617
J7507,J,1,8,36.345
J7508,J,0,8,0.47533933347
Q0169,Q,1,8,2.2
J1575,J,1,8,20.48346979
J7188,J,1,8,5.16
J7612,J,1,8,2.7324
J7298,J,0,8,948.3594642857142
Q9980,Q,0,0,
J7297,J,0,8,777.0153846153845
J9039,J,0,8,115.6242542724
J1443,J,0,8,0.09026352952
J2860,J,1,8,133.30185294117646
C9459,C,0,0,
J0875,J,0,8,15.913626999999998
J0202,J,0,8,1994.102224854369
J8540,J,1,8,4.699365079
J8655,J,1,8,630.3483529411765
J1447,J,0,8,1.2760790126296295
J7205,J,0,8,2.317910447761194
J3380,J,0,8,28.88861111
C9460,C,1,8,16.07805890410959
J2407,J,1,8,26.353960365409833
J0695,J,0,8,5.864611
J3090,J,1,8,1.7475
J0596,J,0,8,33.21123321179488
J9032,J,1,8,43.771530612244895
J7313,J,0,8,463.21052627899996
S5551,S,1,3,6.013019650655021
C9475,C,0,0,
J7512,J,1,8,92.07
S0174,S,0,0,
S0183,S,1,3,0.4049
S5561,S,0,3,
S0119,S,1,3,0.0818771042020202
C9473,C,0,0,
J2001,J,1,8,1.72
Q9963,Q,1,8,5.3793
A9579,A,1,8,6.076
Q9966,Q,1,8,6.462065979381443
Q9967,Q,1,8,5.724637121397727
C9137,C,1,0,
90714,9,1,8,34.56097777777778
A9606,A,0,8,139.08949148865977
A9585,A,1,8,0.8966666669999999
J1571,J,1,8,101.21532258064515
C9472,C,0,0,53.25742577319588
C9470,C,0,0,
C9138,C,0,0,
C9471,C,0,0,24.9806701043299
J0887,J,0,8,2.88475
J0888,J,0,8,2.755809523809524
J0570,J,1,8,1237.5
C9478,C,0,0,
C9480,C,0,0,
J7503,J,0,8,1.3703296705054946
C9479,C,0,0,
Q4081,Q,1,8,15.247361764705882
C9482,C,0,8,14.829194138241759
J9295,J,0,7,5.328501030927835
J9176,J,0,7,6.547356078329411
90585,9,0,7,
90586,9,0,7,123.17614519572955
Q5102,Q,0,1,
J2182,J,0,7,35.22158695652174
J1130,J,0,1,0.21
J7207,J,1,7,2.209605263157895
J7179,J,1,7,1.9800000000000002
J2170,J,0,7,121.58907954545454
J2840,J,0,7,508.3776595744681
J7320,J,0,7,13.32084
J9325,J,0,7,52.747113402061856
J9145,J,0,7,68.70642857142857
J2786,J,0,7,9.460681818181818
J9352,J,0,7,300.6795531914894
J9034,J,0,7,24.600213636363637
J7175,J,0,7,10.27
J2326,J,0,7,1067.6283779999999
J1942,J,0,2,2.9795817112061855
J7209,J,0,7,1.9
J9205,J,0,7,55.301431126153844
J7342,J,1,7,28.32
A9587,A,0,7,61.36363636227273
J8670,J,1,7,3.6821666670000006
J7202,J,0,7,4.757049180327869
A9588,A,0,7,427.16590909090905
J7322,J,0,7,29.875
C9484,C,0,0,
C9488,C,0,7,38.29628823529412
C9248,C,0,7,3.0870419672131146
Q9984,Q,0,0,
Q9989,Q,0,0,
Q9986,Q,1,0,
J7330,J,0,7,51026.77142857143
S0073,S,1,6,16.65833333
Q5104,Q,1,7,75.339
S0020,S,1,6,4.907925
S0171,S,1,6,6.52
Q4133,Q,1,2,3000.0
Q4132,Q,0,7,6528.5759493670885
C9493,C,0,1,
J9285,J,1,5,48.958333333333336
J1324,J,0,6,0.663992593
J0565,J,0,6,38.0
C9028,C,0,0,
J9203,J,0,6,197.0108538118421
J7211,J,0,6,1.872763157894737
Q2040,Q,0,0,475000.0
C9492,C,0,0,74.40188421052632
J1555,J,1,6,19.961725490196077
C9250,C,0,6,227.37
J2062,J,1,4,39.3
C9016,C,0,0,
J9023,J,0,6,83.78703289473685
J1627,J,0,6,6.551200000000001
J2350,J,0,6,57.123181579999994
J9022,J,0,6,80.64782840620688
J7296,J,0,6,991.7941463414634
J1744,J,1,6,574.9926667
J0606,J,0,6,3.4249421052631575
C9497,C,1,0,145.0
J3358,J,0,6,13.349561914146342
C9029,C,0,0,
90378,9,1,6,35.700472727272725
J1428,J,0,6,160.0
J2547,J,1,6,1.583333333
J2590,J,1,6,9.138000000000002
C9015,C,0,0,
J1726,J,1,6,31.999532467532468
J1642,J,1,6,3.0
A9575,A,1,6,0.6
C9014,C,0,0,
C9024,C,0,0,
J7210,J,0,6,1.7101315789473683
J7345,J,0,6,1.6688
J7328,J,0,6,2.0954652257894737
90739,9,0,6,126.57104477611941
Q5103,Q,0,6,94.62799999999999
C9468,C,0,0,
C9466,C,0,0,
C9463,C,0,0,
C9467,C,0,0,
C9464,C,0,0,0.885885886
J7631,J,1,6,9.03945205479452
C9469,C,0,0,
C9462,C,0,6,0.45489497732876716
Q2041,Q,1,6,401098.3606557377
C9465,C,0,0,
Q5105,Q,1,6,6.0665
Q5106,Q,1,6,15.706719999999997
Q9991,Q,0,6,1747.5141481481483
Q9992,Q,0,6,
Q9995,Q,0,0,
C9030,C,0,0,80.30225714385715
C9031,C,0,0,
Q9993,Q,0,0,
C9032,C,0,0,
Q5110,Q,0,6,0.8413559322033899
J0500,J,1,6,84.058
Q5108,Q,1,6,340.1274875925373
C9033,C,0,0,
C9034,C,0,0,
J1599,J,1,5,100.7436
J9229,J,0,5,2247.2252630789476
J7295,J,1,5,368.15
Q2042,Q,0,5,497197.0905
J7203,J,0,5,4.694705882352942
J0517,J,0,5,177.90278988043477
J9173,J,0,5,74.40206140289474
A9589,A,0,5,1162.09375
C9037,C,0,0,
J3316,J,0,5,2905.6242106842105
J2787,J,0,5,1855.7758620689656
C9038,C,0,0,
J3245,J,0,5,149.5033328125
J0185,J,0,5,2.93736037909589
J9312,J,0,5,409.5173274336283
J9311,J,0,5,46.97557143
J7170,J,0,5,55.97426667
J9057,J,0,5,
J7329,J,0,5,13.99298125
J1628,J,0,5,123.45767307692307
J1746,J,0,5,64.4786328125
B4105,B,0,5,3018.7125
J9044,J,1,3,45.79942857
J0599,J,0,5,9.928336842105262
C9035,C,0,0,3.154489814671875
J0841,J,0,5,1245.0
J0567,J,0,5,94.99907894421052
J9153,J,0,5,197.46439591973686
J7177,J,0,5,1.1
A9513,A,0,5,258.34457142857144
J1454,J,0,5,679.684347826087
J3397,J,0,5,232.40625
J0584,J,1,5,434.54675
Q5111,Q,0,5,347.9166667
J1301,J,0,5,19.386113923670887
J3304,J,1,5,19.686825657894737
C9039,C,0,0,
C9407,C,0,0,
C9408,C,0,0,15706.232857142857
C9036,C,0,0,
J3398,J,0,5,2833.333333
J1095,J,0,5,1.1429313777164178
J7318,J,0,5,134.86518264863014
C9141,C,0,0,
C9045,C,0,0,
C9040,C,0,0,2.861723861622951
C9046,C,0,5,1.53125
C9290,C,0,5,1.4639026253934426
C9043,C,0,0,
C9041,C,0,1,213.52459016393442
J1573,J,0,5,100.05
J1551,J,1,5,19.871636363636366
J7208,J,0,5,2.384262295081967
J9030,J,0,5,119.24565882352941
C9052,C,0,0,
J9036,J,0,5,25.9749
J7677,J,0,5,0.22376699293103447
J9356,J,0,5,77.92066667
C9047,C,0,5,686.3322883965517
C9048,C,0,0,
C9051,C,0,0,
C9050,C,0,0,
C9049,C,0,0,
Q5107,Q,0,5,68.88133333333333
J9313,J,1,5,22.07
J7401,J,0,2,10.34155902796875
J2798,J,0,5,10.5728294259375
J1303,J,0,5,213.4666667
J9204,J,0,5,202.7657265625
J0593,J,1,5,83.46233333
J3031,J,1,5,3.0621650794285715
Q5117,Q,0,5,90.67095238
J3111,J,0,5,9.724455412
J7331,J,1,5,23.282999999999998
J9119,J,0,5,26.98527792272727
J1944,J,0,5,3.0679245176144576
J1943,J,0,5,
J0642,J,1,5,2.355094339622642
J1096,J,0,5,158.39189655172413
J0291,J,1,5,3.40685
J0222,J,0,5,96.15781249999999
J0121,J,0,5,3.83194
J0122,J,0,5,1.0591836734693878
J7314,J,0,5,485.2656565472727
J9210,J,1,5,681.4745454545455
J9269,J,0,5,284.6761103448276
J7332,J,0,5,24.45
C9058,C,0,1,
J9118,J,0,5,66.50304604
Q5115,Q,0,5,84.55499999999999
Q5114,Q,1,5,86.86104402849057
Q5118,Q,0,4,61.34
J0179,J,0,4,315.822399988
J9309,J,0,4,114.09266669411764
J9199,J,0,0,42.38461538461539
C9054,C,0,0,
C9055,C,0,0,
Q5113,Q,0,4,93.5
Q9961,Q,0,4,0.406253333
Q5116,Q,0,4,80.74
C9053,C,0,0,
Q9950,Q,0,4,29.050000000000004
C9057,C,0,0,
C9056,C,0,0,
Q5112,Q,1,4,88.31066667
J2502,J,1,4,1581.3963999999999
J0742,J,0,4,2.2790017391304347
Q5119,Q,0,4,71.68
J0791,J,0,4,114.68403469387756
J7204,J,0,4,2.36695652173913
J1729,J,1,3,28.876000000000005
C9122,C,0,1,
J1558,J,0,4,17.441478260869566
J9177,J,0,4,30.605163043478257
Q5121,Q,0,4,50.0
J0896,J,0,4,36.31187391304348
J1429,J,0,4,160.0
Q5120,Q,0,4,327.1275977444445
J9198,J,0,4,44.57692307692308
J9358,J,0,4,24.605663043478263
C9063,C,0,0,
J7169,J,1,4,275.0
J1201,J,0,4,15.918367346938776
J0223,J,0,4,105.85789874693879
C9059,C,0,0,
J3399,J,1,4,2322044.36
J0691,J,0,4,0.683333333
J9246,J,0,4,40.0
C9061,C,0,0,
J7333,J,0,1,281.78723404255317
J1437,J,0,4,27.07275294117647
J7351,J,0,4,195.3443023255814
J9227,J,0,4,71.04606976744185
C9065,C,0,1,
C9066,C,0,0,
C9062,C,0,0,
J3032,J,0,4,15.964769565217392
J1738,J,0,4,3.1333333329999995
J1632,J,0,4,74.5
C9064,C,0,0,
J3241,J,0,4,304.8771304347826
90743,9,0,3,64.247111112
90746,9,1,3,108.02416666666666
90740,9,1,3,173.74683334000002
90747,9,1,3,
90744,9,1,3,64.01382500000001
Q5122,Q,0,3,327.0833333
C9069,C,0,0,
S1091,S,0,3,1500.0
Q0249,Q,0,3,
J9316,J,0,3,70.80622772675
J9317,J,0,3,30.757177002558137
J9144,J,0,3,47.271598192325584
J0693,J,0,0,
J9223,J,0,3,181.688075
C9072,C,0,0,
J7212,J,0,3,2.356
C9073,C,0,0,
J9281,J,0,3,277.17495348837207
J1823,J,0,3,445.4401681260869
C9071,C,0,0,
J7352,J,0,2,1882.3958333333333
C9070,C,0,0,
J9216,J,0,3,15388.706153846155
J9037,J,0,3,43.239805000000004
J7402,J,0,3,
J1554,J,0,3,458.59049999999996
Q2053,Q,1,3,424000.0
C9074,C,0,0,301.0273130054054
J1427,J,0,3,56.4
J9349,J,0,3,12.56532
J3303,J,0,3,8.125
Q0247,Q,0,2,2100.0
C9077,C,0,0,
Q5123,Q,0,3,71.68
C9075,C,0,0,
J1951,J,0,3,142.2381587
J7168,J,0,3,
J0224,J,0,3,
J9348,J,0,3,545.7906029411764
C9076,C,0,0,
C9078,C,0,0,
C9080,C,0,0,
J9353,J,0,3,43.458388235294116
90587,9,0,3,99.78727272727272
90672,9,1,3,24.5
J9318,J,1,3,112.32293023255815
J0741,J,0,3,20.813767647058825
J7294,J,1,3,2258.653076923077
J9319,J,1,3,219.6732252747253
J0699,J,0,3,1.7912317500000001
J1426,J,0,3,160.0
J1305,J,0,3,165.29129032258064
J2406,J,0,3,41.61063440903226
Q2054,Q,0,3,433498.84470588237
J1448,J,0,3,4.884215686235295
J9247,J,0,1,475.0
90670,9,0,2,233.51
90677,9,0,2,260.5242857142857
90671,9,0,2,224.9807142857143
90732,9,0,2,117.081
J0270,J,0,2,335.8092857142857
P9046,P,1,2,124.92699999999999
P9047,P,1,2,124.92699999999999
J9272,J,0,2,218.73520000000002
C9086,C,0,0,
P9041,P,1,2,97.8
P9045,P,1,2,97.8
90686,9,1,2,20.794
90688,9,1,1,15.770000000000001
90685,9,0,0,19.107
90687,9,1,2,13.568999999999997
C9088,C,0,2,0.7019214285714286
90662,9,0,2,64.513
90682,9,0,2,122.96
Q4215,Q,0,0,400.0
C9089,C,0,2,0.8175
C9087,C,0,0,
J2506,J,0,2,
J9061,J,0,2,18.73498163
Q2055,Q,0,2,451241.1678571428
J1826,J,1,2,1572.218795111111
J0172,J,0,2,5.64
A2004,A,0,2,3250.0
J9021,J,0,2,46.614285714285714
90694,9,0,2,67.984
90674,9,0,2,30.1
90756,9,0,2,57.04600000000001
A9595,A,0,2,543.1625396571428
90759,9,0,2,64.77678571428571
J9015,J,0,2,5375.232857142858
J1455,J,1,2,787.95
J9304,J,0,2,81.53368888888889
Q3028,Q,0,2,568.6191309972222
J0287,J,0,2,10.5
J0884,J,1,2,3.96
J7501,J,0,2,250.0
J0491,J,0,2,16.04747618857143
Q0222,Q,1,1,1866.667777777778
J1327,J,1,2,72.0
J0883,J,1,2,9.07888
J1451,J,1,2,17.3161
J2710,J,1,2,17.34
J3246,J,1,2,4.78
Q2017,Q,0,2,2495.95
C9093,C,0,0,
J9273,J,0,2,156.556
J9071,J,0,2,4.041071428571429
S0136,S,0,2,0.65
J0219,J,0,2,71.136928
J0879,J,0,2,0.230769231
J0248,J,0,2,5.574272
J1595,J,1,2,7114.0
J1952,J,0,2,96.01759047760001
C9090,C,0,0,
J2186,J,0,2,2.1186666668000003
J2265,J,0,2,23.6344
C9092,C,0,0,
J9600,J,0,2,21925.84
J9359,J,0,2,187.078415952
C9091,C,0,0,
J3030,J,1,2,376.715
J0330,J,1,2,25.0
J1306,J,0,2,11.645706073636363
J8515,J,1,2,8.125
J0300,J,0,2,183.2625
J8565,J,1,2,259.6293333
J7131,J,1,2,0.01722
J7304,J,1,2,0.5479924241818183
J0604,J,1,2,1.000065151318182
J2440,J,1,2,41.41
S0132,S,1,2,216.49
J3470,J,0,2,55.8
S0160,S,0,2,0.69
J0120,J,1,2,1.6958
J0739,J,0,2,6.2939409092727265
J7315,J,0,2,430.0
J2779,J,0,2,80.0
C9097,C,0,0,
J1574,J,0,2,50.0
J9215,J,0,2,30.0
J2356,J,0,2,19.83540615882353
J1444,J,0,2,0.029411765
C9098,C,0,0,473243.1818181818
Q5124,Q,0,2,226.0
C9096,C,0,0,
J2998,J,1,2,30.898212209999997
J3299,J,1,2,45.83333333
J9332,J,0,2,30.15622272727273
C9094,C,0,0,
C9095,C,0,0,
J9331,J,0,2,90.787569768
90651,9,0,2,277.21590000000003
90710,9,0,2,265.86845000000005
90707,9,1,2,91.0486
90716,9,0,2,166.4404
90647,9,0,2,29.245350000000002
J0571,J,0,2,1.169833333
S0109,S,0,2,0.4625
J9298,J,0,2,176.6491907894737
J2993,J,0,2,2930.176052631579
J2777,J,0,2,36.5
Q2056,Q,0,2,473243.1818181818
J1932,J,0,2,74.1055
Q5125,Q,0,2,0.5663157894736842
C9142,C,0,0,
C9101,C,0,2,1.75
J1302,J,0,2,16.954710741818182
J9274,J,0,2,194.19727272727275
J2941,J,1,1,155.45
90621,9,0,1,363.0427272727273
90680,9,0,1,47.37440625
S0164,S,1,1,5.0756
S0128,S,0,1,217.5
J1643,J,0,1,
Q2009,Q,1,1,236.68666666666664
J2327,J,0,1,140.1157333
S5553,S,0,1,3.526475
J2401,J,1,1,
J2184,J,1,1,
J0703,J,0,1,
J0136,J,0,1,0.1228
J2402,J,0,1,0.3072
J0701,J,0,1,10.49371447027907
J0689,J,0,1,
J0572,J,1,1,15.474
J0573,J,1,1,15.6
J0574,J,1,1,14.95726667
J0575,J,1,1,16.87733333
J0877,J,0,1,0.158
J9049,J,0,1,8.117
J2021,J,1,1,21.992866667999998
J7100,J,0,1,35.16645833375
J9314,J,0,1,19.819
C9143,C,0,1,1.378125
J1456,J,0,1,
J9393,J,0,1,
J3244,J,0,1,
J0891,J,0,1,
J0892,J,0,1,
J9357,J,1,1,2172.4894230769232
J2247,J,0,1,0.748
J0283,J,0,1,83.256
J9046,J,1,1,
S0126,S,0,1,240.489625
J2251,J,0,1,0.4398
J0611,J,0,0,3.0118750000000003
J0893,J,0,1,17.182151260504202
90702,9,0,0,66.09
90700,9,1,1,32.69125
90698,9,0,1,112.106
90648,9,1,1,16.218500000000002
90696,9,1,1,61.073750000000004
90734,9,0,1,157.351
90619,9,0,1,158.82850000000002
90691,9,0,1,1724.1275
90713,9,0,1,411.47
90717,9,0,1,183.626625
C9144,C,0,1,0.483333333
Q9983,Q,0,1,3287.5
J0898,J,0,1,3.9
J0899,J,0,1,3.9
S0122,S,0,1,230.0425
J9175,J,0,1,96.995
90723,9,0,1,93.96725
90636,9,0,1,122.599
90633,9,1,1,37.19525
90620,9,0,1,214.428
J0173,J,0,1,81.275
J0706,J,1,1,7.7825
J0134,J,0,1,0.11699999999999999
J2272,J,0,1,5.72027397260274
J1611,J,0,1,279.8
J0282,J,0,1,2.879424115
J9394,J,0,1,
J9048,J,0,1,
J2281,J,1,1,11.5
90697,9,0,1,293.0605
J0716,J,0,1,5246.1
J3371,J,0,1,
J1954,J,0,1,451.69
Q5126,Q,0,1,71.86
J3372,J,0,1,10.1875
J0225,J,0,1,4774.04
J2311,J,0,1,
90681,9,0,1,90.529155558
C9147,C,0,0,130.0
J9294,J,0,1,11.0
Q9968,Q,1,1,21.462623076923077
J1411,J,0,1,3500000.0
J9297,J,0,1,
Q4124,Q,0,1,62.5
Q4103,Q,0,1,75.0
Q4104,Q,0,1,233.44307692307692
Q4108,Q,0,1,177.78769230769234
Q4114,Q,0,1,2285.923076923077
Q4105,Q,0,1,197.01230769230767
Q4110,Q,0,1,289.5
J9196,J,1,1,
J9296,J,0,1,10.445
J0613,J,0,1,
C9145,C,0,1,1.8125
Q4160,Q,0,1,298.5074627
Q4159,Q,0,1,1111.111111
C9148,C,0,0,
J0218,J,0,1,360.2744444444445
J0612,J,1,1,3.395990857142857
Q5127,Q,0,1,351.12820516153846
Q5128,Q,0,1,272.0
Q5130,Q,0,1,208.3333333
Q5129,Q,0,1,67.74
C9146,C,0,0,62.58276923076923
J0208,J,0,1,91.33672
C9149,C,0,0,
90377,9,0,1,372.81
J1449,J,0,1,34.09090909
J2403,J,0,1,0.6799999999999999
Q4118,Q,0,1,11.965384615384615
J1813,J,0,1,13.735
J0457,J,1,1,181.32000000000002
J0736,J,1,1,7.870416666999999
90678,9,0,1,295.0
J1576,J,1,1,100.7436
J1921,J,0,1,3.003
J0665,J,1,1,0.17972382722222222
J0137,J,0,1,
J0206,J,1,1,7.974120000000001
J1811,J,0,1,11.005312499999999
J1812,J,0,1,
J1836,J,1,1,0.0646
J9347,J,0,1,130.0
J2305,J,1,1,4.097166667
J0737,J,0,1,7.08
J9323,J,0,1,11.0
J2599,J,0,1,3.4425
J9259,J,0,1,15.87924
J2598,J,1,1,10.61885
J1747,J,0,1,57.268959996
J2371,J,1,1,20.0
J1805,J,1,1,25.19535
J9059,J,0,1,23.4
J0216,J,0,1,3.5
J1920,J,1,1,1.25
J2372,J,0,1,0.2
J1806,J,0,1,0.6475
J9350,J,0,1,597.624
J2427,J,0,1,12.407981686
J1440,J,0,1,60.0
J9380,J,0,1,29.840384615384615
90679,9,0,1,280.0
J7213,J,1,1,1.9835999999999998
J9058,J,0,1,32.0954
J1961,J,0,1,21.03559871
J2561,J,0,1,1.3338
Q5131,Q,0,1,3288.245
J9322,J,0,0,10.104
J9056,J,0,1,32.7373
J2249,J,0,1,2.067
J1941,J,0,1,213.10399999999998
J2806,J,0,1,136.63
J9063,J,0,1,
J2329,J,0,1,67.259986666
C9151,C,0,0,
J9381,J,0,1,34.83807692307692
C9150,C,0,0,0.0
J9029,J,0,1,15000.0
J7519,J,1,1,2.15955
91320,9,0,1,129.0
J0874,J,0,1,0.094285714
J2359,J,1,1,1.9745000000000001
J9345,J,0,1,28.48
C9158,C,0,0,25.20342857142857
C9154,C,0,0,255.05915178571428
C9152,C,0,0,
91319,9,0,1,7.7
J0802,J,0,1,3497.5
J0174,J,0,1,1.2740500000000001
J0801,J,0,1,
C9157,C,0,0,142.3
J0349,J,0,1,9.75
J7214,J,0,1,5.195714285714286
C9153,C,0,0,9.0
J9051,J,0,1,4.8
J2781,J,0,1,146.0
91322,9,0,1,5.18
C9155,C,0,0,
A9601,A,0,0,3500.0
Q5132,Q,0,0,822.0625
C9165,C,0,0,171.72
J0750,J,1,0,1842.28
J0688,J,0,0,1.462533333
J2404,J,1,0,0.12296
J1596,J,1,0,6.5
J1939,J,1,0,1.51
J3425,J,0,0,0.008333333
Q4106,Q,0,0,42.4
J2508,J,0,0,217.0935
J0217,J,0,0,420.0
A9602,A,0,0,2494.33
J9052,J,0,0,245.0
J9072,J,0,0,3.6625
J9286,J,0,0,2554.745
J9333,J,0,0,21.60714286
J2799,J,0,0,25.2032
C9163,C,0,0,64.75
J0576,J,0,0,266.11830357142856
J0402,J,0,0,5.784836309714286
91318,9,0,0,57.5
J1413,J,0,0,3200000.0
C9161,C,0,0,328.125
J0751,J,0,0,2202.3
J2679,J,0,0,9.6035
J1304,J,0,0,
J1246,J,0,0,99.03691429
J1412,J,0,0,11328.125
C9159,C,0,0,3.15
A9607,A,0,0,45517.5
A9608,A,0,0,614.78125
90396,9,0,0,2182.57
J0873,J,0,0,
A9590,A,0,0,
C9164,C,0,0,685.0
J0184,J,0,0,
C9160,C,0,0,
J9334,J,0,0,31.29563492
J0391,J,0,0,45.27272727
A9596,A,0,0,984.0
Q4164,Q,0,0,1485.0
91304,9,0,0,130.0
91321,9,0,0,128.0
J1105,J,0,0,0.875
J3401,J,0,0,2425.0
J9321,J,0,0,51.18697142857143
C9162,C,0,0,
Q4166,Q,0,0,64.5
C9168,C,0,0,51.80335
J2919,J,1,0,6.025406666666667
J1010,J,1,0,9.981097345132744
J1323,J,0,0,171.72
C9166,C,0,0,16.92
J9075,J,1,0,
J0652,J,0,0,7.493
J0650,J,1,0,12.47
A9609,A,1,0,0.0
J3424,J,0,0,4.845
J9073,J,1,0,
J3055,J,0,0,
J0577,J,0,0,
J0578,J,0,0,
J0209,J,0,0,0.0
J9376,J,0,0,86.53845
J0177,J,0,0,
J0651,J,0,0,11.0862
C9167,C,0,0,3.28
J7165,J,0,0,3.15
A9800,A,0,0,5768.0
J7354,J,0,0,685.0
J1203,J,0,0,85.0
J1202,J,0,0,32.5
J2801,J,0,0,12.2921
J0589,J,0,0,4.2
J2277,J,0,0,23.79032258
J2782,J,0,0,105.0
